<?xml version="1.0" encoding="utf-8"?>
<feed xmlns="http://www.w3.org/2005/Atom"
    xmlns:rdf="http://www.w3.org/1999/02/22-rdf-syntax-ns#"
    xmlns:leap2="http://terms.leapspecs.org/"
    xmlns:categories="http://wiki.leapspecs.org/2A/categories/"
    xmlns:portfolio="https://eportfolio.u-pec.fr/export/leap/3575/1663691587/"
    xmlns:mahara="http://wiki.mahara.org/Developer_Area/Import%2F%2FExport/LEAP_Extensions#"
>
    <leap2:version>http://www.leapspecs.org/2010-07/2A/</leap2:version>
    <id>https://eportfolio.u-pec.fr/export/3575/1663691587</id>
    <title>Mahara Leap2A Export for Oscar FERREIRA ARAUJO, 20/09/2022 18:33</title>
    <updated>2022-09-20T18:06:07+02:00</updated>
    <generator uri="https://mahara.org/" version="2008122400">Mahara</generator>
    <author>
        <name>Oscar FERREIRA ARAUJO</name>
        <email>oscar.ferreira-araujo@etu.u-pec.fr</email>
        <uri>portfolio:artefactinternal</uri>
    </author>

    <entry>
        <title>Guarda National Republicana</title>
        <id>portfolio:view30828</id>

        <updated>2022-09-20T17:05:04+02:00</updated>
        <published>2022-09-20T17:05:51+02:00</published>

        <summary type="xhtml"><div xmlns="http://www.w3.org/1999/xhtml"><div>Voici la description et opération de la garde national républicaine du Portugal.</div></div></summary>

   <subtitle type="xhtml"><div xmlns="http://www.w3.org/1999/xhtml"><div></div></div></subtitle>
        <content type="xhtml"><div xmlns="http://www.w3.org/1999/xhtml"><div><div id="user_block_132184"><div class="bt-text gridstackblock card card-secondary clearfix" id="user_blockinstance_132184">
    
    
        <div class="block-header quick-edit d-none">
    <a class="modal_link list-group-heading" href="#" title="Édition rapide">
        <span class="icon icon-pencil-alt" title="Édition rapide"></span>
        Édition rapide
    </a>
</div>

    
    
        <h2 class="title card-header js-heading">
            

            <span class="collapse-inline">
                Histoire de la Guarda National Republicana (GNR)
                
            </span>

            

        </h2>
    

    <div class="block" id="user_blockinstance_132184_target">
        
        
            

<div class="textblock card-body flush">
<p>La Garde nationale républicaine (<a title="Portugais" href="https://fr.wikipedia.org/wiki/Portugais">portugais</a> : <span class="lang-pt" lang="pt" xml:lang="pt"><em>Guarda Nacional Republicana</em>, GNR</span>) est la force de <a title="Gendarmerie" href="https://fr.wikipedia.org/wiki/Gendarmerie">gendarmerie nationale</a> (c’est-à-dire une force de police à statut militaire) de la <a class="mw-redirect" title="République Portugaise" href="https://fr.wikipedia.org/wiki/R%C3%A9publique_Portugaise">République Portugaise</a>, instituée en <a title="1801" href="https://fr.wikipedia.org/wiki/1801">1801</a>. Elle est une des quatre forces de sécurité intérieure du pays. Elle possède les mêmes compétences que la <a class="mw-redirect" title="Gendarmerie nationale française" href="https://fr.wikipedia.org/wiki/Gendarmerie_nationale_fran%C3%A7aise">gendarmerie nationale</a> en <a title="France" href="https://fr.wikipedia.org/wiki/France">France</a>. Sous sa forme et appellation actuelle, la Garde nationale républicaine existe depuis 1911. En octobre 1992, le ministère de l'Intérieur décide de réorganiser les forces de sécurité intérieure militaires et civiles. </p>
</div>


        
    </div>
</div>
</div><div id="user_block_132194"><div class="bt-image gridstackblock card card-secondary clearfix" id="user_blockinstance_132194">
    
        <div class="block-header d-none">
    
        <a class="commentlink" href="#" title="">
        
            
                <span class="icon icon-plus" title="Commentaires et les détails"></span>
                Ajouter un commentaire
                <span class="bh-margin-left icon icon-search-plus"></span>
                Détails
            
        
        </a>
    
</div>

    
    
    
        <h2 class="title card-header js-heading">
            

            <span class="collapse-inline">
                Devise de la GNR
                
            </span>

            

        </h2>
    

    <div class="block" id="user_blockinstance_132194_target">
        
        
            <div class="imageblock card-body">
    <div class="image">
        
        <a class="modal_link" href="#">
            <img rel="leap2:has_part" href="portfolio:artefact86459" alt="COA_pt_garde_nationale_républicaine.svg.png" title="COA_pt_garde_nationale_républicaine.svg.png" />
        </a>
        
    </div>

    
</div>

        
    </div>
</div>
</div><div id="user_block_132198"><div class="bt-externalvideo gridstackblock card card-secondary card-brand clearfix" id="user_blockinstance_132198">
    
    
    
        <h2 class="title card-header js-heading">
            

            <span class="collapse-inline">
                Voici la BT (Brigada de Transito)
                
            </span>

            

        </h2>
    

    <div class="block" id="user_blockinstance_132198_target">
        
        
            <div class="mediaplayer-container text-center card-body">
  <div id="user_vid_132198" class="mediaplayer" style="margin:0 auto;">
    <iframe class="externalvideoiframe" width="560" height="349" src="https://www.youtube.com/embed/gCpJWZAjYDA?start=" allowfullscreen="1"></iframe>
    
  </div>
</div>

        
    </div>
</div>
</div><div id="user_block_132212"><div class="bt-externalvideo gridstackblock card card-secondary card-brand clearfix" id="user_blockinstance_132212">
    
    
    
        <h2 class="title card-header js-heading">
            

            <span class="collapse-inline">
                GIOE Grupo de Intervencao e Operacoes Especiais da GNR
                
            </span>

            

        </h2>
    

    <div class="block" id="user_blockinstance_132212_target">
        
        
            <div class="mediaplayer-container text-center card-body">
  <div id="user_vid_132212" class="mediaplayer" style="margin:0 auto;">
    <iframe class="externalvideoiframe" width="560" height="349" src="https://www.youtube.com/embed/oQZutgSsX4k?start=" allowfullscreen="1"></iframe>
    
  </div>
</div>

        
    </div>
</div>
</div></div></div></content>
        <rdf:type rdf:resource="leap2:selection"/>

        <link rel="leap2:has_part" href="portfolio:artefact86459"/>


        <category term="Webpage" scheme="categories:selection_type#"/>





        <mahara:view mahara:newlayout="1" mahara:type="portfolio" mahara:ownerformat="6">
        
            
            <mahara:blockinstance mahara:blocktype="text" mahara:blocktitle="Histoire de la Guarda National Republicana (GNR)" mahara:positionx="0" mahara:positiony="0" mahara:height="39" mahara:width="4">
                
                    
                    <mahara:text>[&quot;&lt;p&gt;La Garde nationale r&amp;eacute;publicaine (&lt;a title=\&quot;Portugais\&quot; href=\&quot;https:\/\/fr.wikipedia.org\/wiki\/Portugais\&quot;&gt;portugais&lt;\/a&gt;&amp;nbsp;: &lt;span class=\&quot;lang-pt\&quot; lang=\&quot;pt\&quot;&gt;&lt;em&gt;Guarda Nacional Republicana&lt;\/em&gt;, GNR&lt;\/span&gt;) est la force de &lt;a title=\&quot;Gendarmerie\&quot; href=\&quot;https:\/\/fr.wikipedia.org\/wiki\/Gendarmerie\&quot;&gt;gendarmerie nationale&lt;\/a&gt; (c&amp;rsquo;est-&amp;agrave;-dire une force de police &amp;agrave; statut militaire) de la &lt;a class=\&quot;mw-redirect\&quot; title=\&quot;R&amp;eacute;publique Portugaise\&quot; href=\&quot;https:\/\/fr.wikipedia.org\/wiki\/R%C3%A9publique_Portugaise\&quot;&gt;R&amp;eacute;publique Portugaise&lt;\/a&gt;, institu&amp;eacute;e en &lt;a title=\&quot;1801\&quot; href=\&quot;https:\/\/fr.wikipedia.org\/wiki\/1801\&quot;&gt;1801&lt;\/a&gt;. Elle est une des quatre forces de s&amp;eacute;curit&amp;eacute; int&amp;eacute;rieure du pays. Elle poss&amp;egrave;de les m&amp;ecirc;mes comp&amp;eacute;tences que la &lt;a class=\&quot;mw-redirect\&quot; title=\&quot;Gendarmerie nationale fran&amp;ccedil;aise\&quot; href=\&quot;https:\/\/fr.wikipedia.org\/wiki\/Gendarmerie_nationale_fran%C3%A7aise\&quot;&gt;gendarmerie nationale&lt;\/a&gt; en &lt;a title=\&quot;France\&quot; href=\&quot;https:\/\/fr.wikipedia.org\/wiki\/France\&quot;&gt;France&lt;\/a&gt;. Sous sa forme et appellation actuelle, la Garde nationale r&amp;eacute;publicaine existe depuis 1911. En octobre 1992, le minist&amp;egrave;re de l&#039;Int&amp;eacute;rieur d&amp;eacute;cide de r&amp;eacute;organiser les forces de s&amp;eacute;curit&amp;eacute; int&amp;eacute;rieure militaires et civiles.&amp;nbsp;&lt;\/p&gt;&quot;]</mahara:text>
                    
                
                    
                    <mahara:instructions></mahara:instructions>
                    
                
                
                
            </mahara:blockinstance>
            
            <mahara:blockinstance mahara:blocktype="image" mahara:blocktitle="Devise de la GNR" mahara:positionx="4" mahara:positiony="0" mahara:height="39" mahara:width="2">
                
                    
                    <mahara:artefactid>[&quot;portfolio:artefact86459&quot;]</mahara:artefactid>
                    
                
                    
                    <mahara:showdescription>[false]</mahara:showdescription>
                    
                
                    
                    <mahara:width>[&quot;&quot;]</mahara:width>
                    
                
                    
                    <mahara:retractable>[0]</mahara:retractable>
                    
                
                    
                    <mahara:retractedonload>[0]</mahara:retractedonload>
                    
                
                
                
            </mahara:blockinstance>
            
            <mahara:blockinstance mahara:blocktype="externalvideo" mahara:blocktitle="Voici la BT (Brigada de Transito)" mahara:positionx="6" mahara:positiony="0" mahara:height="33" mahara:width="4">
                
                    
                    <mahara:videoid>[&quot;&lt;iframe class=\&quot;externalvideoiframe\&quot; width=\&quot;560\&quot; height=\&quot;349\&quot; src=\&quot;https:\/\/www.youtube.com\/embed\/gCpJWZAjYDA?start=\&quot; allowfullscreen=\&quot;1\&quot;&gt;&lt;\/iframe&gt;&quot;]</mahara:videoid>
                    
                
                    
                    <mahara:width>[560]</mahara:width>
                    
                
                    
                    <mahara:height>[349]</mahara:height>
                    
                
                    
                    <mahara:tags>[null]</mahara:tags>
                    
                
                    
                    <mahara:retractable>[0]</mahara:retractable>
                    
                
                    
                    <mahara:retractedonload>[0]</mahara:retractedonload>
                    
                
                    
                    <mahara:html>[&quot;&lt;iframe class=\&quot;externalvideoiframe\&quot; width=\&quot;560\&quot; height=\&quot;349\&quot; src=\&quot;https:\/\/www.youtube.com\/embed\/gCpJWZAjYDA?start=\&quot; allowfullscreen=\&quot;1\&quot;&gt;&lt;\/iframe&gt;&quot;]</mahara:html>
                    
                
                
                
            </mahara:blockinstance>
            
            <mahara:blockinstance mahara:blocktype="externalvideo" mahara:blocktitle="GIOE Grupo de Intervencao e Operacoes Especiais da GNR" mahara:positionx="0" mahara:positiony="39" mahara:height="38" mahara:width="4">
                
                    
                    <mahara:videoid>[&quot;&lt;iframe class=\&quot;externalvideoiframe\&quot; width=\&quot;560\&quot; height=\&quot;349\&quot; src=\&quot;https:\/\/www.youtube.com\/embed\/oQZutgSsX4k?start=\&quot; allowfullscreen=\&quot;1\&quot;&gt;&lt;\/iframe&gt;&quot;]</mahara:videoid>
                    
                
                    
                    <mahara:width>[&quot;560&quot;]</mahara:width>
                    
                
                    
                    <mahara:height>[&quot;349&quot;]</mahara:height>
                    
                
                    
                    <mahara:tags>[null]</mahara:tags>
                    
                
                    
                    <mahara:retractable>[0]</mahara:retractable>
                    
                
                    
                    <mahara:retractedonload>[0]</mahara:retractedonload>
                    
                
                    
                    <mahara:html>[&quot;&lt;iframe class=\&quot;externalvideoiframe\&quot; width=\&quot;560\&quot; height=\&quot;349\&quot; src=\&quot;https:\/\/www.youtube.com\/embed\/oQZutgSsX4k?start=\&quot; allowfullscreen=\&quot;1\&quot;&gt;&lt;\/iframe&gt;&quot;]</mahara:html>
                    
                
                
                
            </mahara:blockinstance>
            
        
        </mahara:view>
    </entry>

    <entry>
        <title>COA_pt_garde_nationale_républicaine.svg.png</title>
        <id>portfolio:artefact86459</id>

        <updated>2022-09-20T17:05:13+02:00</updated>
        <published>2022-09-20T17:05:13+02:00</published>




        <content type="xhtml"><div xmlns="http://www.w3.org/1999/xhtml"><div></div></div></content>
        <rdf:type rdf:resource="leap2:resource"/>
        <mahara:artefactplugin mahara:type="image" mahara:plugin="file"/>
        <link rel="enclosure" type="image/png" href="export_info/files/86459-COA_pt_garde_nationale_républicaine.svg.png"/>
        <link rel="leap2:is_part_of" href="portfolio:view30828"/>


        <category term="Offline" scheme="categories:resource_type#" label="File"/>




    </entry>


</feed>
